# Estimated JLPT level (N5-N1) for each kanji, one per line: kanji <TAB> level.
#
# The JLPT has published no official kanji list since the 2010 move to
# N5-N1 (kanji-expansion-plan.md §3.3), so these are community estimates,
# and the app says so wherever it shows them.
#
# Source: Jonathan Waller's JLPT kanji lists, http://www.tanos.co.uk/jlpt/
# (Creative Commons Attribution), as compiled into the `jlpt_new` field of
# David Gouveia's kanji-data, https://github.com/davidluzgouveia/kanji-data
# (MIT licence), downloaded 2026-09-28. Every kanji listed there is one this
# app teaches; the 172 jōyō kanji with no level are simply absent here.
#
# Read by tools/build_kanji_orders.py. Listed in the app's own school-grade
# teaching order, so a diff after a data refresh stays readable.
一	5
七	5
三	5
上	5
下	5
中	5
九	5
二	5
五	5
人	5
休	5
先	5
入	5
八	5
六	5
円	5
出	5
力	4
十	5
千	5
口	4
右	5
名	5
四	5
土	5
夕	4
大	5
天	5
女	5
子	5
字	4
学	5
小	5
山	5
川	5
左	5
年	5
手	4
文	4
日	5
早	4
月	5
木	5
本	5
村	2
林	2
校	5
森	2
正	4
気	5
水	5
火	5
犬	4
玉	2
王	3
生	5
田	4
男	5
町	4
白	5
百	5
目	4
石	3
空	4
立	4
竹	2
糸	2
耳	3
花	4
草	3
虫	2
見	5
貝	2
赤	4
足	4
車	5
金	5
雨	5
青	4
音	4
万	5
丸	2
交	3
京	4
今	5
会	4
体	4
何	5
作	4
元	4
兄	4
光	3
公	4
内	3
冬	4
刀	1
切	4
前	5
北	5
午	5
半	5
南	5
原	3
友	5
古	4
台	4
合	3
同	4
回	3
図	4
国	5
園	3
地	4
場	4
声	3
売	4
夏	4
外	5
多	4
夜	4
太	3
妹	4
姉	4
室	4
家	4
寺	2
少	4
岩	2
工	4
市	3
帰	4
広	4
店	4
弓	1
引	3
弟	4
弱	2
強	4
当	3
形	3
後	5
心	4
思	4
戸	2
才	3
教	4
数	3
新	4
方	4
明	4
星	2
春	4
昼	4
時	5
晴	3
曜	4
書	5
朝	4
来	5
東	5
楽	4
歌	4
止	4
歩	4
母	5
毎	5
毛	2
池	2
汽	1
活	3
海	4
点	3
父	5
牛	4
理	4
用	4
画	4
番	3
直	3
矢	1
知	4
社	4
秋	4
科	3
答	4
算	2
米	3
紙	4
細	2
組	3
絵	3
線	2
羽	2
考	4
聞	5
肉	4
自	4
船	3
色	4
茶	4
行	5
西	5
親	4
角	2
言	4
計	4
記	3
話	5
語	5
読	5
谷	2
買	4
走	4
近	4
通	4
週	4
道	4
遠	3
野	4
長	5
門	2
間	5
雪	3
雲	2
電	5
頭	3
顔	3
風	4
食	5
首	3
馬	3
高	5
魚	4
鳥	4
鳴	3
麦	2
黄	2
黒	4
丁	1
世	4
両	3
主	4
乗	3
予	3
事	4
仕	4
他	3
代	4
住	4
使	4
係	3
倍	2
全	3
具	3
写	4
列	3
助	3
勉	4
動	4
勝	3
化	3
区	2
医	4
去	4
反	3
取	3
受	3
号	3
向	3
君	3
味	4
命	3
和	3
品	4
員	4
商	3
問	4
坂	2
央	2
始	4
委	2
守	3
安	4
定	3
実	3
客	3
宮	1
宿	3
寒	3
対	3
局	3
屋	4
岸	2
島	2
州	2
帳	1
平	3
幸	3
度	4
庫	2
庭	3
式	3
役	3
待	4
急	4
息	3
悪	4
悲	3
想	3
意	4
感	3
所	3
打	3
投	3
拾	2
持	4
指	3
放	3
整	1
旅	4
族	4
昔	3
昭	1
暑	1
暗	3
曲	3
有	4
服	4
期	3
板	2
柱	2
根	2
植	2
業	4
様	3
横	3
橋	2
次	3
歯	3
死	4
氷	2
決	3
油	2
波	2
注	4
泳	3
洋	4
流	3
消	3
深	3
温	2
港	3
湖	2
湯	2
漢	4
炭	2
物	4
球	3
由	3
申	3
界	4
病	4
発	4
登	3
皮	2
皿	2
相	3
県	2
真	4
着	4
短	2
研	4
礼	3
神	3
祭	2
福	3
秒	2
究	4
章	2
童	2
笛	1
第	1
筆	2
等	3
箱	3
級	1
終	4
緑	2
練	2
羊	1
美	3
習	4
者	4
育	3
苦	3
荷	2
落	3
葉	3
薬	3
血	2
表	3
詩	1
調	3
談	3
豆	1
負	3
起	4
路	3
転	4
軽	2
農	2
返	3
追	3
送	4
速	3
進	3
遊	3
運	4
部	3
都	3
配	3
酒	3
重	4
鉄	2
銀	4
開	4
院	4
陽	3
階	2
集	4
面	3
題	4
飲	4
館	4
駅	4
鼻	2
不	4
争	3
井	1
付	3
令	2
以	4
仲	2
伝	3
位	3
低	2
佐	1
例	3
便	3
信	3
倉	1
候	3
借	4
健	1
側	3
働	3
億	2
兆	2
児	2
共	3
兵	2
典	1
冷	3
初	3
別	4
利	3
刷	2
副	2
功	1
加	3
努	3
労	3
勇	2
包	2
卒	2
協	2
単	3
博	1
印	2
参	3
司	1
各	2
周	2
唱	1
器	1
固	2
城	2
塩	2
変	3
夫	3
失	3
奈	1
好	3
媛	1
季	2
孫	2
完	3
官	3
害	3
富	3
察	3
岐	1
崎	1
巣	1
差	3
希	2
席	3
帯	2
底	2
府	2
康	1
建	4
径	1
徒	3
徳	1
必	3
念	3
愛	3
成	3
戦	3
折	3
挙	1
改	2
敗	3
散	3
料	4
旗	1
昨	3
景	3
最	3
望	3
未	3
末	3
札	2
材	2
束	3
松	1
果	3
栄	2
案	1
梅	1
梨	1
械	2
極	2
標	1
機	3
欠	3
残	3
氏	1
民	3
求	3
沖	1
治	3
法	3
泣	1
浅	2
浴	2
清	2
満	3
滋	1
漁	2
潟	1
灯	2
然	3
焼	2
照	2
熊	1
熱	3
牧	1
特	4
産	3
省	2
祝	2
票	1
種	3
積	3
競	2
笑	3
管	2
節	1
約	3
結	1
給	3
続	3
縄	1
置	3
群	2
老	3
臣	2
良	3
芸	2
芽	1
英	4
菜	2
街	1
衣	2
要	3
覚	3
観	3
訓	2
試	4
説	3
課	2
議	3
貨	2
賀	1
軍	2
輪	2
辞	3
辺	2
連	3
達	3
選	3
郡	1
量	2
録	2
鏡	1
関	3
陸	2
隊	1
静	3
順	2
願	3
類	3
飛	3
飯	4
養	1
香	2
験	4
鹿	1
久	2
仏	2
仮	1
件	3
任	3
似	3
余	3
価	1
保	1
修	1
個	2
停	2
備	3
像	2
再	2
刊	2
判	3
制	3
則	2
効	2
務	3
勢	2
厚	2
句	1
史	2
告	3
喜	3
営	2
因	3
団	2
囲	2
圧	2
在	3
均	2
型	2
基	1
堂	4
報	3
境	2
墓	1
増	3
士	1
夢	3
妻	3
婦	3
容	3
寄	3
導	2
居	3
属	1
布	2
師	3
常	3
幹	1
序	1
弁	1
張	1
往	1
得	3
復	2
志	1
応	1
快	2
性	3
情	3
態	1
慣	3
技	2
招	3
授	1
採	2
接	2
提	1
損	2
支	3
政	3
故	1
救	1
断	3
旧	2
易	3
暴	2
条	1
枝	2
査	2
格	3
桜	1
検	1
構	3
武	2
歴	2
殺	3
毒	2
比	2
永	2
河	2
液	2
混	2
減	2
測	2
準	2
演	3
潔	1
災	1
燃	2
版	2
犯	3
状	3
独	1
率	1
現	3
留	3
略	2
益	1
眼	1
破	3
確	3
示	3
祖	3
禁	2
移	2
程	3
税	2
築	2
粉	2
精	3
紀	1
素	1
経	3
統	1
絶	3
綿	2
総	2
編	2
績	2
織	1
罪	3
義	1
耕	2
職	3
肥	1
能	3
脈	1
興	1
舎	1
航	2
術	3
衛	1
製	1
複	2
規	3
解	3
設	2
許	3
証	1
評	1
講	2
謝	1
識	3
護	1
豊	2
象	2
財	3
貧	3
責	3
貯	2
貸	4
費	3
貿	2
資	3
賛	3
賞	2
質	4
輸	2
述	2
迷	3
逆	2
造	2
過	3
適	3
酸	1
鉱	2
銅	2
防	2
限	3
険	3
際	3
雑	3
非	3
領	2
額	2
飼	1
並	2
乱	2
乳	2
亡	3
仁	1
供	3
俳	1
俵	1
値	3
傷	1
優	3
党	2
冊	2
処	3
券	2
刻	3
割	3
創	1
劇	2
勤	3
危	3
卵	2
厳	1
収	3
后	1
否	3
吸	3
呼	3
善	1
困	3
垂	1
域	2
奏	1
奮	1
姿	1
存	3
宅	3
宇	2
宗	1
宙	1
宝	2
宣	1
密	1
寸	1
専	2
射	1
将	2
尊	2
就	1
尺	1
届	2
展	1
層	2
己	1
巻	2
幕	1
干	2
幼	2
庁	2
座	3
延	2
律	2
従	1
忘	3
忠	1
恩	1
憲	1
我	1
批	1
承	2
担	2
拝	2
拡	1
捨	2
探	3
推	1
揮	1
操	1
敬	2
敵	1
映	4
晩	3
暖	1
暮	3
朗	1
机	2
枚	2
染	1
株	1
棒	2
模	1
権	3
樹	1
欲	3
段	3
沿	1
泉	2
洗	3
派	1
済	3
源	1
潮	1
激	1
灰	2
熟	1
片	2
班	1
異	1
疑	3
痛	3
皇	1
盛	1
盟	1
看	1
砂	2
磁	1
私	4
秘	1
穀	1
穴	1
窓	3
筋	1
策	1
簡	2
糖	1
系	1
紅	2
納	1
純	2
絹	1
縦	1
縮	1
署	2
翌	2
聖	1
肺	1
胃	2
背	3
胸	2
脳	2
腸	1
腹	3
臓	2
臨	1
至	1
舌	1
若	3
著	2
蒸	2
蔵	2
蚕	1
衆	1
裁	1
装	2
裏	2
補	2
視	1
覧	1
討	1
訪	3
訳	1
詞	2
誌	2
認	3
誕	1
誠	1
誤	3
論	3
諸	2
警	3
貴	1
賃	1
退	3
遺	1
郵	2
郷	1
針	2
銭	1
鋼	1
閉	3
閣	1
降	3
陛	1
除	3
障	1
難	3
革	2
頂	3
預	2
骨	2
歳	3
企	1
藤	1
沢	1
与	3
援	1
施	1
違	3
鮮	1
監	1
環	1
審	1
欧	2
訴	1
被	2
渡	3
影	1
含	2
撃	1
核	1
融	1
況	2
渉	1
響	1
突	3
請	1
攻	1
督	1
催	1
及	1
湾	2
離	1
摘	1
郎	1
捜	2
超	2
療	2
捕	3
振	1
介	2
迎	3
販	2
献	1
幅	2
維	1
浜	1
彼	3
般	2
塁	1
邦	1
舞	3
遣	1
抗	1
雄	1
込	3
緊	1
換	2
占	2
廃	1
江	1
頼	3
僚	1
吉	1
途	3
踏	1
抜	3
壊	1
債	1
伸	2
爆	2
儀	1
継	1
闘	1
葬	1
避	1
普	2
逮	1
婚	3
齢	2
迫	1
浮	3
惑	1
崩	1
聴	1
脱	1
押	3
倒	3
了	2
患	2
締	1
執	1
絡	2
房	1
募	2
撤	1
払	3
削	1
措	1
載	1
昇	2
陣	1
為	1
遅	3
抑	1
択	1
秀	1
徴	1
弾	1
償	1
拠	1
更	3
拒	1
刑	1
塚	1
致	1
抱	3
繰	1
尾	1
描	1
恐	3
鈴	1
盤	1
項	1
喪	1
伴	1
懸	1
戻	3
巨	2
震	2
越	3
契	1
掲	1
躍	1
棄	1
触	2
邸	1
依	2
籍	2
汚	2
還	1
互	3
慮	1
枠	1
恵	1
露	1
逃	3
緩	1
需	1
傾	2
購	1
充	1
緒	3
跡	2
駐	2
貢	1
却	1
端	1
紹	2
獲	1
併	1
徹	1
衝	1
焦	1
奪	1
雇	2
浦	1
替	2
析	1
譲	1
称	1
挑	1
誘	1
紛	1
促	1
慎	1
控	1
贈	2
握	1
俊	1
薄	2
渋	1
銃	1
携	1
奥	2
診	1
詰	2
託	1
撮	1
侵	1
括	1
掛	3
双	2
刺	2
到	3
駆	1
寝	3
透	1
津	1
壁	1
稲	1
裂	1
敏	1
是	1
排	1
裕	1
堅	1
盗	3
芝	1
綱	1
扱	1
顧	1
訟	1
戒	1
祉	1
誉	1
歓	1
勧	1
騒	1
閥	1
甲	1
揺	1
免	1
既	1
薦	1
隣	1
悩	2
華	1
御	3
範	1
隠	1
哲	1
杉	1
釈	1
荒	2
硬	2
妥	1
威	1
豪	1
滞	1
微	1
隆	1
埋	2
症	1
暫	1
肝	1
喚	1
妙	1
袋	2
索	1
襲	1
吹	3
懇	1
柄	1
驚	1
麻	1
封	2
娘	3
剤	1
瀬	1
趣	1
陥	1
斎	1
貫	1
仙	1
慰	1
賢	2
旬	1
腕	2
兼	1
旨	1
即	1
柳	1
偽	1
較	1
覇	1
床	2
詳	1
抵	1
脅	1
柔	2
茂	1
犠	1
距	1
雅	1
飾	1
網	1
竜	1
繁	1
殿	2
濃	2
翼	1
魅	1
嫌	1
斉	1
敷	1
擁	1
肩	2
圏	1
零	2
罰	1
怒	3
滅	1
礎	1
腐	1
脚	1
泊	2
尽	1
杯	3
僕	1
滑	1
孤	1
炎	1
賠	1
頑	1
甘	2
鎖	1
彩	1
摩	1
励	1
掃	2
掘	2
輝	1
蓄	1
軸	1
巡	1
疲	3
稼	1
瞬	1
皆	3
砲	1
軟	2
噴	1
沈	2
誇	1
祥	1
牲	1
秩	1
帝	1
唆	1
阻	1
泰	1
賄	1
撲	1
凍	2
堀	1
菊	1
絞	1
煙	3
縁	1
唯	1
膨	1
耐	1
恋	2
塾	1
漏	1
慶	1
猛	1
芳	1
懲	1
郊	2
剣	1
腰	2
踊	2
彰	1
棋	1
恒	1
眠	3
揚	1
冒	1
倫	1
陳	1
憶	1
怖	3
潜	1
珍	2
克	1
岳	1
概	1
拘	1
黙	1
須	1
偏	1
雰	1
遇	1
諮	1
狭	1
喫	2
卓	1
亀	1
糧	1
簿	1
炉	1
殊	1
殖	1
艦	1
溶	2
輩	1
奇	1
慢	1
鶴	1
謀	1
拍	1
寛	1
覆	1
胞	1
涙	2
隔	1
浄	1
匹	2
没	1
暇	1
貞	1
鑑	1
陰	1
銘	1
鋭	2
随	1
烈	1
尋	1
稿	1
丹	1
啓	1
丘	1
棟	1
壌	1
漫	1
玄	1
粘	1
悟	1
舗	1
妊	1
塗	2
軒	2
騰	1
遂	1
狂	1
叫	2
緯	1
培	1
衰	1
艇	1
屈	1
淡	1
抽	1
披	1
廷	1
錦	1
准	1
奨	1
浸	1
剰	1
胆	1
繊	1
駒	1
乾	2
虚	1
霊	1
悔	1
諭	1
祈	2
惨	1
虐	1
翻	1
墜	1
沼	1
据	1
徐	1
搭	1
髪	3
忙	3
盾	1
滝	1
軌	1
妨	1
擦	1
鯨	1
荘	1
諾	1
雷	1
漂	1
懐	1
勘	1
栽	1
拐	1
駄	1
添	1
汗	2
冠	1
斜	1
浪	1
亜	1
詐	1
壇	1
勲	1
魔	1
酬	1
紫	1
湿	2
紋	1
卸	1
欄	1
逸	1
涯	1
拓	1
瓶	2
獄	1
尚	1
彫	1
咲	2
穏	1
顕	1
巧	1
矛	1
垣	1
召	2
欺	1
釣	1
缶	2
隻	2
脂	2
粛	1
愚	1
遭	1
架	1
鬼	1
庶	1
肌	2
稚	1
靴	3
幻	1
煮	1
姫	1
誓	1
把	1
践	1
呈	1
疎	1
仰	1
鈍	2
恥	3
剛	1
疾	1
征	1
砕	1
謡	1
嫁	1
謙	1
嘆	1
菌	1
鎌	1
泥	2
頻	1
琴	1
棚	1
酷	1
宰	1
廊	1
寂	1
隅	2
偶	3
伏	1
辛	2
磨	2
碁	1
俗	1
漠	1
邪	1
晶	1
墨	1
鎮	1
洞	1
履	1
劣	1
那	1
殴	1
娠	1
奉	1
憂	1
朴	1
亭	1
姓	2
筒	2
怪	1
粒	2
偉	3
酔	1
惜	1
穫	1
佳	1
潤	1
悼	1
乏	1
該	1
赴	1
桑	1
髄	1
虎	1
盆	1
穂	1
壮	1
堤	1
飢	1
傍	1
疫	1
累	1
痴	1
搬	1
畳	2
癒	1
郭	1
尿	1
凶	1
吐	1
宴	1
賓	1
虜	1
膚	2
陶	1
鐘	1
憾	1
弥	1
昆	1
粗	1
訂	1
傘	1
騎	1
寧	1
濯	2
循	1
忍	1
猫	3
怠	1
如	1
寮	1
塔	2
沸	2
鉛	1
珠	1
凝	1
苗	1
獣	1
哀	1
跳	1
匠	1
菓	2
蛇	1
澄	1
縫	1
僧	1
幾	3
眺	1
呉	1
凡	1
憩	1
溝	1
恭	1
刈	1
睡	1
錯	1
伯	1
帽	2
陵	1
霧	1
魂	1
枯	2
弊	1
妃	1
舶	1
餓	1
窮	1
掌	1
麗	1
臭	1
悦	1
刃	1
縛	1
暦	1
宜	1
盲	1
粋	1
辱	1
轄	1
猿	1
弦	1
窒	1
炊	1
洪	1
摂	1
飽	1
冗	1
涼	2
桃	1
狩	1
舟	2
朱	1
渦	1
紳	1
枢	1
碑	1
鍛	1
鼓	1
裸	1
符	2
猶	1
塊	1
旋	1
幣	1
膜	1
扇	1
憎	2
槽	1
慈	1
肯	2
伐	1
漬	1
燥	2
糾	1
墳	1
坪	1
畜	2
紺	1
娯	1
羅	1
峡	1
俸	1
厘	1
峰	1
醸	1
弔	1
乙	1
汁	1
尼	1
遍	1
衡	1
薫	1
猟	1
款	1
閲	1
偵	1
喝	1
敢	1
胎	1
酵	1
憤	1
豚	1
遮	1
扉	1
硫	1
赦	1
挟	2
窃	1
泡	1
又	1
慨	1
紡	1
恨	1
肪	1
扶	1
戯	1
忌	1
濁	1
奔	1
斗	1
迅	1
肖	1
鉢	1
朽	1
殻	1
享	1
藩	1
沙	1
曇	2
媒	1
鶏	1
禅	1
嘱	1
胴	1
迭	1
挿	1
嵐	1
椎	1
陪	1
剖	1
譜	1
悠	1
淑	1
帆	1
暁	1
傑	1
奴	1
錠	1
拳	1
遷	1
拙	1
侍	1
峠	1
篤	1
渇	1
叔	1
雌	1
堪	1
叙	1
酢	1
吟	1
逓	1
甚	1
崇	1
漆	1
岬	1
癖	1
愉	1
礁	1
屯	1
姻	1
擬	1
塀	1
唇	1
睦	1
閑	1
幽	1
曹	1
詠	1
卑	1
侮	1
鋳	1
抹	1
尉	1
隷	1
禍	1
酪	1
茎	1
帥	1
逝	1
滴	2
匿	1
襟	1
蛍	1
寡	1
痢	1
庸	1
坑	1
藍	1
賊	1
搾	1
畔	1
唄	1
孔	1
呂	1
拷	1
嬢	1
渓	1
翁	1
廉	1
謹	1
瞳	1
湧	1
窯	1
褒	1
醜	1
升	1
殉	1
煩	1
劾	1
堕	1
租	1
桟	1
婿	1
慕	1
罷	1
矯	1
某	1
囚	1
虹	1
泌	1
漸	1
蚊	1
厄	1
藻	1
嫡	1
嚇	1
凸	1
韻	1
霜	1
硝	1
勅	1
棺	1
儒	1
愁	1
楼	1
眉	1
薪	1
褐	1
賜	1
繕	1
栓	1
凹	1
艶	1
伺	2
錬	1
衷	1
逐	1
斥	1
詔	1
憧	1
宵	1
妄	1
酌	1
頒	1
肢	1
謄	1
嗣	1
畝	1
抄	1
爽	1
惰	1
蛮	1
旺	1
壱	1
瑠	1
侯	1
弧	1
附	1
但	1
芋	1
婆	1
倣	1
倹	1
繭	1
且	1
丙	1
伎	1
冶	1
吏	1
塑	1
墾	1
弐	1
斤	1
旦	1
朕	1
汰	1
濫	1
爵	1
璃	1
痘	1
瞭	1
箇	1
耗	1
虞	1
謁	1
賦	1
遵	1
采	1
伊	1
智	1
弘	1
彦	1
阿	1
李	1
浩	1
宏	1
之	1
昌	1
靖	1
也	1
旭	1
磯	1
聡	1
曙	1
萩	1
栗	1
嘉	1
辰	1
霞	1
淳	1
鳩	1
桂	1
晋	1
晃	1
桐	1
鷹	1
猪	1
紘	1
庄	1
敦	1
祐	1
鵬	1
亘	1
笹	1
綾	1
毅	1
稔	1
楊	1
駿	1
亮	1
椿	1
圭	1
蓮	1
瑞	1
伍	1
蘭	1
秦	1
茅	1
輔	1
郁	1
楠	1
玲	1
翔	1
肇	1
亨	1
嶺	1
喬	1
寅	1
乃	1
洲	1
樺	1
槙	1
巌	1
胡	1
峻	1
槻	1
蝶	1
琢	1
蕉	1
琉	1
朋	1
遼	1
橘	1
漱	1
苑	1
巽	1
杜	1
欣	1
巴	1
禎	1
稜	1
倭	1
斐	1
魁	1
鴻	1
於	1
赳	1
葵	1
禄	1
孟	1
尭	1
巳	1
暢	1
芹	1
杏	1
鳳	1
馨	1
慧	1
彬	1
匡	1
欽	1
嵯	1
綜	1
翠	1
鮎	1
榛	1
惣	1
蔦	1
隼	1
渚	1
稀	1
芙	1
皐	1
雛	1
惟	1
佑	1
耀	1
黛	1
渥	1
惇	1
脩	1
甫	1
嬉	1
蒼	1
暉	1
只	1
檀	1
凱	1
彗	1
梓	1
丑	1
叶	1
汐	1
絢	1
朔	1
伽	1
黎	1
冴	1
萌	1
偲	1
允	1
蒔	1
鯉	1
遥	1
舜	1
瑛	1
彪	1
卯	1
綺	1
茜	1
凌	1
皓	1
洸	1
毬	1
緋	1
鯛	1
怜	1
邑	1
碧	1
啄	1
穣	1
酉	1
悌	1
柚	1
丞	1
亥	1
亦	1
伶	1
侃	1
侑	1
倖	1
凜	1
凪	1
勁	1
勺	1
匁	1
叡	1
哉	1
奎	1
宥	1
崚	1
嵩	1
恕	1
捷	1
捺	1
昂	1
昴	1
晏	1
晟	1
晨	1
柊	1
柾	1
栞	1
梢	1
梧	1
椋	1
椰	1
楓	1
洵	1
滉	1
澪	1
熙	1
燎	1
燦	1
燿	1
爾	1
玖	1
琳	1
瑚	1
瑳	1
瑶	1
眸	1
碩	1
竣	1
笙	1
紗	1
紬	1
絃	1
綸	1
耶	1
胤	1
脹	1
茄	1
茉	1
莉	1
莞	1
菖	1
菫	1
蓉	1
蕗	1
衿	1
袈	1
裟	1
詢	1
誼	1
諄	1
諒	1
迪	1
銑	1
錘	1
鞠	1
頌	1
颯	1
麟	1
麿	1
